Country,TotalCases,TotalDeaths,TotalRecovered,ActiveCases,Serious,Deaths1Mpop,TotalTests,Tests1Mpop,Population,NewCases,NewDeaths,NewRecovered,NewActive,LastUpdated
World,162538008,3371426.0,141466876,17699706,103617.0,432.5,,,,1457392,26408.0,1617594,-186610,2021-05-15 04:08:00+00:00
USA,33664013,599314.0,26712821,6351878,8346.0,1801.0,464099542.0,1395010.0,332685557.0,77877,1529.0,92592,-16244,2021-05-15 04:08:00+00:00
India,24372907,266229.0,20432898,3673780,8944.0,191.0,313017193.0,224909.0,1391753322.0,670075,7878.0,704462,-42265,2021-05-15 04:08:00+00:00
Brazil,15521313,432785.0,14028355,1060173,8318.0,2024.0,46970130.0,219621.0,213868974.0,159627,4529.0,104138,50960,2021-05-15 04:08:00+00:00
France,5848154,107423.0,5042411,698320,4352.0,1643.0,80698552.0,1233944.0,65398877.0,26486,304.0,82314,-56132,2021-05-15 04:08:00+00:00
Turkey,5095390,44301.0,4894024,157065,2670.0,520.0,50463016.0,592813.0,85124706.0,22928,480.0,92733,-70285,2021-05-15 04:08:00+00:00
Russia,4922901,115116.0,4537634,270151,2300.0,789.0,132700000.0,908974.0,145988804.0,17842,785.0,19105,-2048,2021-05-15 04:08:00+00:00
UK,4446824,127668.0,4273441,45715,129.0,1872.0,169007195.0,2478284.0,68195259.0,4849,28.0,17338,-12517,2021-05-15 04:08:00+00:00
Italy,4146722,123927.0,3683189,339606,1860.0,2052.0,62405408.0,1033466.0,60384578.0,15644,383.0,28077,-12816,2021-05-15 04:08:00+00:00
Spain,3604799,79339.0,3297340,228120,1899.0,1696.0,47213067.0,1009462.0,46770505.0,12048,131.0,6184,5733,2021-05-15 04:08:00+00:00
Germany,3585891,86481.0,3259000,240410,4376.0,1029.0,58093759.0,691457.0,84016407.0,27743,472.0,38700,-11429,2021-05-15 04:08:00+00:00
Argentina,3269466,69853.0,2913144,286469,5457.0,1533.0,12224943.0,268356.0,45554984.0,53894,1046.0,43803,9045,2021-05-15 04:08:00+00:00
Colombia,3084460,80250.0,2888990,115220,6582.0,1563.0,15783446.0,307356.0,51352407.0,35741,989.0,29363,5389,2021-05-15 04:08:00+00:00
Poland,2849014,71311.0,2589277,188426,1690.0,1886.0,15078062.0,398779.0,37810599.0,6675,632.0,6758,-715,2021-05-15 04:08:00+00:00
Iran,2732152,76433.0,2196197,459522,5468.0,900.0,17750149.0,209015.0,84922994.0,24391,499.0,34110,-10218,2021-05-15 04:08:00+00:00
Mexico,2377995,220159.0,1897587,260249,4798.0,1692.0,6829477.0,52492.0,130105532.0,6512,569.0,4351,1592,2021-05-15 04:08:00+00:00
Ukraine,2143448,47620.0,1832601,263227,177.0,1095.0,9790291.0,225037.0,43505197.0,14375,633.0,35465,-21723,2021-05-15 04:08:00+00:00
Peru,1879049,65608.0,1720665,92776,2685.0,1966.0,11972376.0,358787.0,33369044.0,13410,710.0,0,12700,2021-05-15 04:08:00+00:00
Indonesia,1734285,47823.0,1592886,93576,,173.0,15410887.0,55831.0,276027635.0,6081,206.0,8008,-2133,2021-05-15 04:08:00+00:00
Czechia,1651178,29857.0,1588346,32975,319.0,2784.0,21004062.0,1958197.0,10726227.0,2511,70.0,1946,495,2021-05-15 04:08:00+00:00
South Africa,1608393,55124.0,1522165,31104,546.0,919.0,11052993.0,184353.0,59955627.0,6362,156.0,2431,3775,2021-05-15 04:08:00+00:00
Netherlands,1589282,17423.0,1351988,219871,722.0,1015.0,13171698.0,767234.0,17167780.0,11528,24.0,12047,-543,2021-05-15 04:08:00+00:00
Canada,1318405,24869.0,1220110,73426,1327.0,654.0,33260624.0,874616.0,38028810.0,12635,103.0,15782,-3250,2021-05-15 04:08:00+00:00
Chile,1273516,27647.0,1208396,37473,2976.0,1436.0,13816198.0,717413.0,19258354.0,13068,263.0,8964,3841,2021-05-15 04:08:00+00:00
Iraq,1134859,15910.0,1034396,84553,457.0,388.0,9840649.0,240012.0,41000676.0,7279,55.0,10812,-3588,2021-05-15 04:08:00+00:00
Philippines,1131467,18958.0,1053523,58986,1819.0,171.0,12529921.0,113042.0,110842608.0,13108,244.0,7092,5772,2021-05-15 04:08:00+00:00
Romania,1070605,29413.0,1022029,19163,809.0,1538.0,8626765.0,451048.0,19126034.0,1788,180.0,3387,-1779,2021-05-15 04:08:00+00:00
Sweden,1037126,14275.0,878153,144698,341.0,1406.0,8798383.0,866506.0,10153859.0,9192,8.0,15954,-6770,2021-05-15 04:08:00+00:00
Belgium,1028104,24664.0,905973,97467,644.0,2120.0,13210753.0,1135591.0,11633375.0,7772,55.0,8069,-352,2021-05-15 04:08:00+00:00
Pakistan,873220,19384.0,780438,73398,4330.0,86.0,12380676.0,55125.0,224594312.0,5782,174.0,8746,-3138,2021-05-15 04:08:00+00:00
Portugal,841379,16999.0,802285,22095,72.0,1671.0,11091313.0,1090498.0,10170866.0,886,1.0,664,221,2021-05-15 04:08:00+00:00
Israel,839079,6380.0,831950,749,73.0,694.0,14487253.0,1575114.0,9197590.0,49,1.0,124,-76,2021-05-15 04:08:00+00:00
Hungary,796390,29041.0,608891,158458,338.0,3013.0,5607336.0,581732.0,9639032.0,2606,153.0,16451,-13998,2021-05-15 04:08:00+00:00
Bangladesh,779535,12102.0,720471,46962,1149.0,73.0,5698528.0,34306.0,166110142.0,2138,57.0,2222,-141,2021-05-15 04:08:00+00:00
Jordan,723069,9224.0,710445,3400,729.0,896.0,6912958.0,671758.0,10290844.0,733,44.0,1591,-902,2021-05-15 04:08:00+00:00
Serbia,705185,6646.0,673038,25501,101.0,763.0,3989567.0,458214.0,8706771.0,1688,35.0,3728,-2075,2021-05-15 04:08:00+00:00
Switzerland,679510,10730.0,617283,51497,179.0,1232.0,7273942.0,835176.0,8709474.0,2300,5.0,4812,-2517,2021-05-15 04:08:00+00:00
Japan,665547,11255.0,579446,74846,1209.0,89.0,12913954.0,102378.0,126139908.0,13845,191.0,10888,2766,2021-05-15 04:08:00+00:00
Austria,635780,10455.0,612523,12802,322.0,1155.0,35939913.0,3970842.0,9050956.0,1820,27.0,2857,-1064,2021-05-15 04:08:00+00:00
UAE,543610,1626.0,523778,18206,,163.0,46799807.0,4682882.0,9993805.0,2964,7.0,2896,61,2021-05-15 04:08:00+00:00
Lebanon,534968,7569.0,492270,35129,333.0,1113.0,4163257.0,612346.0,6798866.0,580,20.0,1965,-1405,2021-05-15 04:08:00+00:00
Morocco,514705,9092.0,502604,3009,94.0,244.0,6370615.0,170844.0,37289158.0,273,4.0,912,-643,2021-05-15 04:08:00+00:00
Malaysia,462190,1822.0,418897,41471,482.0,56.0,10397529.0,317727.0,32724742.0,8968,61.0,7537,1370,2021-05-15 04:08:00+00:00
Nepal,439658,4669.0,327653,107336,,158.0,2733510.0,92382.0,29589353.0,17309,417.0,11190,5702,2021-05-15 04:08:00+00:00
Saudi Arabia,431432,7134.0,415747,8551,1323.0,202.0,17868871.0,506452.0,35282461.0,2043,23.0,2737,-717,2021-05-15 04:08:00+00:00
Bulgaria,413838,17243.0,361993,34602,504.0,2498.0,2656622.0,384855.0,6902925.0,1024,93.0,4844,-3913,2021-05-15 04:08:00+00:00
Ecuador,407002,19514.0,342878,44610,572.0,1092.0,1359491.0,76057.0,17874632.0,2370,165.0,0,2205,2021-05-15 04:08:00+00:00
Slovakia,387162,12168.0,370043,4951,214.0,2228.0,2752948.0,504024.0,5461938.0,622,72.0,959,-409,2021-05-15 04:08:00+00:00
Greece,373881,11322.0,335156,27403,677.0,1091.0,8772810.0,845264.0,10378778.0,4327,111.0,1264,2952,2021-05-15 04:08:00+00:00
Belarus,373351,2681.0,363873,6797,,284.0,6050830.0,640528.0,9446623.0,1946,20.0,1761,165,2021-05-15 04:08:00+00:00
Panama,370043,6292.0,358670,5081,105.0,1439.0,2507280.0,573293.0,4373467.0,1113,7.0,626,480,2021-05-15 04:08:00+00:00
Kazakhstan,355645,4039.0,312837,38769,221.0,213.0,10749824.0,566643.0,18971060.0,7337,75.0,8164,-902,2021-05-15 04:08:00+00:00
Croatia,349084,7664.0,334206,7214,207.0,1877.0,1912994.0,468499.0,4083243.0,1990,75.0,2818,-903,2021-05-15 04:08:00+00:00
Azerbaijan,328994,4754.0,312460,11780,,465.0,3368394.0,329642.0,10218336.0,835,28.0,2689,-1882,2021-05-15 04:08:00+00:00
Georgia,327831,4397.0,307334,16100,,1104.0,4511631.0,1132860.0,3982513.0,2166,34.0,2399,-267,2021-05-15 04:08:00+00:00
Bolivia,327224,13409.0,267973,45842,158.0,1135.0,1287762.0,109033.0,11810731.0,4646,101.0,2956,1589,2021-05-15 04:08:00+00:00
Tunisia,325280,11727.0,286230,27323,445.0,983.0,1380132.0,115728.0,11925686.0,1177,90.0,2960,-1873,2021-05-15 04:08:00+00:00
Paraguay,309638,7482.0,256345,45811,590.0,1038.0,1182111.0,163992.0,7208345.0,4749,124.0,3920,705,2021-05-15 04:08:00+00:00
Palestine,303270,3401.0,288891,10978,78.0,654.0,1784690.0,342970.0,5203627.0,0,0.0,0,0,2021-05-15 04:08:00+00:00
Kuwait,290006,1681.0,275745,12580,190.0,389.0,2446116.0,565554.0,4325171.0,1822,12.0,2456,-646,2021-05-15 04:08:00+00:00
Costa Rica,282741,3547.0,221903,57291,489.0,691.0,1093074.0,212892.0,5134409.0,5854,65.0,4219,1570,2021-05-15 04:08:00+00:00
Dominican Republic,275378,3565.0,232925,38888,275.0,326.0,1468228.0,134181.0,10942105.0,1881,11.0,544,1326,2021-05-15 04:08:00+00:00
Ethiopia,265413,3964.0,217370,44079,620.0,34.0,2644565.0,22523.0,117416656.0,1046,26.0,2562,-1542,2021-05-15 04:08:00+00:00
Denmark,264465,2499.0,249487,12479,33.0,430.0,45701715.0,7866179.0,5809900.0,2306,0.0,1632,674,2021-05-15 04:08:00+00:00
Lithuania,263475,4084.0,237431,21960,158.0,1519.0,3074012.0,1143104.0,2689180.0,2347,25.0,2166,156,2021-05-15 04:08:00+00:00
Ireland,254870,4941.0,237164,12765,39.0,991.0,4729538.0,948653.0,4985528.0,857,4.0,771,82,2021-05-15 04:08:00+00:00
Moldova,253567,6006.0,244487,3074,160.0,1492.0,1040432.0,258440.0,4025815.0,394,25.0,414,-45,2021-05-15 04:08:00+00:00
Slovenia,248520,4314.0,236049,8157,125.0,2075.0,1224095.0,588738.0,2079186.0,1071,10.0,1860,-799,2021-05-15 04:08:00+00:00
Egypt,243317,14206.0,179817,49294,90.0,137.0,2715258.0,26108.0,104000632.0,2390,115.0,1012,1263,2021-05-15 04:08:00+00:00
Guatemala,240170,7845.0,219456,12869,5.0,431.0,1336353.0,73419.0,18201700.0,2488,30.0,2237,221,2021-05-15 04:08:00+00:00
Uruguay,235206,3369.0,204051,27786,515.0,967.0,1980797.0,568512.0,3484175.0,7104,117.0,5129,1858,2021-05-15 04:08:00+00:00
Honduras,225256,5937.0,82549,136770,536.0,591.0,673368.0,67064.0,10040740.0,3138,148.0,576,2414,2021-05-15 04:08:00+00:00
Armenia,220447,4301.0,207464,8682,,1449.0,1030335.0,347142.0,2968051.0,497,29.0,1386,-918,2021-05-15 04:08:00+00:00
Venezuela,212998,2366.0,196759,13873,316.0,83.0,3359014.0,118417.0,28365910.0,2882,46.0,3670,-834,2021-05-15 04:08:00+00:00
Qatar,212667,524.0,205750,6393,215.0,187.0,1964598.0,699692.0,2807805.0,543,5.0,1342,-804,2021-05-15 04:08:00+00:00
Oman,202713,2148.0,186391,14174,255.0,412.0,1550000.0,297022.0,5218477.0,0,0.0,0,0,2021-05-15 04:08:00+00:00
Bosnia and Herzegovina,202143,8981.0,168549,24613,,2752.0,937964.0,287449.0,3263066.0,347,38.0,845,-536,2021-05-15 04:08:00+00:00
Bahrain,197474,732.0,181237,15505,163.0,418.0,4322199.0,2466533.0,1752338.0,3185,27.0,2779,379,2021-05-15 04:08:00+00:00
Libya,181179,3085.0,167629,10465,,444.0,981532.0,141185.0,6952103.0,234,3.0,307,-76,2021-05-15 04:08:00+00:00
Nigeria,165661,2066.0,156399,7196,11.0,10.0,1977479.0,9392.0,210540789.0,102,0.0,25,77,2021-05-15 04:08:00+00:00
Kenya,165112,2976.0,113432,48704,118.0,54.0,1737168.0,31704.0,54792624.0,726,26.0,308,392,2021-05-15 04:08:00+00:00
North Macedonia,154524,5184.0,143427,5913,124.0,2488.0,749727.0,359875.0,2083300.0,152,33.0,4161,-4042,2021-05-15 04:08:00+00:00
Myanmar,143035,3212.0,132072,7751,,59.0,2599597.0,47502.0,54725973.0,38,1.0,8,29,2021-05-15 04:08:00+00:00
Sri Lanka,138085,923.0,110108,27054,,43.0,3075321.0,143097.0,21491133.0,4558,73.0,2451,2034,2021-05-15 04:08:00+00:00
Albania,131939,2427.0,122105,7407,18.0,844.0,669140.0,232739.0,2875067.0,94,4.0,2033,-1943,2021-05-15 04:08:00+00:00
S. Korea,131061,1896.0,121282,7883,150.0,37.0,9319094.0,181632.0,51307497.0,1428,5.0,1376,47,2021-05-15 04:08:00+00:00
Latvia,127053,2248.0,115670,9135,81.0,1203.0,2470356.0,1322436.0,1868034.0,1364,25.0,689,650,2021-05-15 04:08:00+00:00
Estonia,126642,1217.0,118008,7417,36.0,917.0,1351340.0,1018104.0,1327310.0,578,7.0,900,-329,2021-05-15 04:08:00+00:00
Algeria,125059,3360.0,87137,34562,28.0,75.0,230861.0,5184.0,44534813.0,377,10.0,280,87,2021-05-15 04:08:00+00:00
Cuba,121838,785.0,114544,6509,138.0,69.0,3946550.0,348616.0,11320611.0,2463,17.0,2083,363,2021-05-15 04:08:00+00:00
Norway,118740,774.0,88952,29014,24.0,142.0,5423294.0,993646.0,5457973.0,745,0.0,0,745,2021-05-15 04:08:00+00:00
Kyrgyzstan,99845,1687.0,92953,5205,85.0,255.0,1046855.0,158202.0,6617195.0,529,12.0,544,-27,2021-05-15 04:08:00+00:00
Montenegro,98703,1556.0,95676,1471,64.0,2477.0,392125.0,624269.0,628135.0,157,8.0,308,-159,2021-05-15 04:08:00+00:00
Uzbekistan,96117,667.0,91507,3943,23.0,20.0,1377915.0,40660.0,33888586.0,650,1.0,531,118,2021-05-15 04:08:00+00:00
Thailand,96050,548.0,62316,33186,1207.0,8.0,8124896.0,116150.0,69951988.0,7143,62.0,3273,3808,2021-05-15 04:08:00+00:00
Ghana,93243,783.0,91146,1314,7.0,25.0,1118523.0,35360.0,31632469.0,118,0.0,236,-118,2021-05-15 04:08:00+00:00
Zambia,92356,1260.0,90699,397,36.0,67.0,1462217.0,77666.0,18826944.0,145,1.0,125,19,2021-05-15 04:08:00+00:00
China,90829,4636.0,85914,279,1.0,3.0,160000000.0,111163.0,1439323776.0,21,0.0,33,-12,2021-05-15 04:08:00+00:00
Finland,89686,931.0,46000,42755,28.0,168.0,4720329.0,850787.0,5548192.0,416,1.0,0,415,2021-05-15 04:08:00+00:00
Cameroon,74946,1152.0,70497,3297,385.0,42.0,1518411.0,55999.0,27115061.0,0,0.0,0,0,2021-05-15 04:08:00+00:00
El Salvador,70915,2178.0,66418,2319,28.0,334.0,946627.0,145309.0,6514588.0,535,10.0,497,28,2021-05-15 04:08:00+00:00
Cyprus,70742,346.0,39061,31335,51.0,285.0,5733920.0,4719369.0,1214976.0,384,5.0,0,379,2021-05-15 04:08:00+00:00
Mozambique,70361,826.0,68487,1048,24.0,26.0,534044.0,16684.0,32008868.0,74,0.0,440,-366,2021-05-15 04:08:00+00:00
Luxembourg,68922,806.0,66183,1933,30.0,1270.0,2760597.0,4348917.0,634778.0,174,0.0,670,-496,2021-05-15 04:08:00+00:00
Afghanistan,63412,2733.0,54634,6045,1124.0,69.0,428935.0,10809.0,39684190.0,470,12.0,100,358,2021-05-15 04:08:00+00:00
Singapore,61505,31.0,61047,427,3.0,5.0,10441802.0,1772738.0,5890210.0,86,0.0,41,45,2021-05-15 04:08:00+00:00
Namibia,50733,704.0,47776,2253,60.0,273.0,406093.0,157361.0,2580640.0,218,2.0,78,138,2021-05-15 04:08:00+00:00
Botswana,49656,761.0,46640,2255,1.0,318.0,1089391.0,455317.0,2392597.0,615,10.0,350,255,2021-05-15 04:08:00+00:00
Mongolia,48101,205.0,39564,8332,106.0,62.0,2822456.0,849138.0,3323909.0,1653,21.0,3831,-2199,2021-05-15 04:08:00+00:00
Jamaica,47150,838.0,22895,23417,18.0,282.0,351564.0,118277.0,2972378.0,228,18.0,259,-49,2021-05-15 04:08:00+00:00
Ivory Coast,46535,295.0,46006,234,,11.0,608960.0,22603.0,26940965.0,19,3.0,64,-48,2021-05-15 04:08:00+00:00
Maldives,42775,92.0,27672,15011,90.0,168.0,788171.0,1436261.0,548766.0,2683,5.0,549,2129,2021-05-15 04:08:00+00:00
Uganda,42674,347.0,41971,356,24.0,7.0,1055305.0,22462.0,46982269.0,187,1.0,0,186,2021-05-15 04:08:00+00:00
Senegal,40806,1122.0,39529,155,11.0,66.0,495502.0,28936.0,17123805.0,44,1.0,69,-26,2021-05-15 04:08:00+00:00
Madagascar,39888,748.0,37431,1709,285.0,26.0,194669.0,6878.0,28304042.0,378,10.0,550,-182,2021-05-15 04:08:00+00:00
Zimbabwe,38535,1582.0,36308,645,12.0,105.0,443025.0,29437.0,15049987.0,69,3.0,31,35,2021-05-15 04:08:00+00:00
Sudan,34272,2446.0,27949,3877,,55.0,232965.0,5208.0,44731659.0,0,0.0,0,0,2021-05-15 04:08:00+00:00
Malawi,34200,1153.0,32176,871,11.0,59.0,238017.0,12171.0,19555612.0,17,0.0,6,11,2021-05-15 04:08:00+00:00
DRC,30511,775.0,26601,3135,,8.0,155250.0,1689.0,91902095.0,82,0.0,60,22,2021-05-15 04:08:00+00:00
Malta,30474,417.0,29877,180,,942.0,893092.0,2017995.0,442564.0,5,0.0,17,-12,2021-05-15 04:08:00+00:00
Angola,30030,651.0,25650,3729,22.0,19.0,527590.0,15635.0,33744917.0,625,6.0,463,156,2021-05-15 04:08:00+00:00
Australia,29962,910.0,28861,191,1.0,35.0,17465839.0,678129.0,25755941.0,12,0.0,0,12,2021-05-15 04:08:00+00:00
Cabo Verde,27672,244.0,24546,2882,23.0,435.0,158645.0,282681.0,561215.0,643,6.0,621,16,2021-05-15 04:08:00+00:00
Rwanda,26033,343.0,24592,1098,1.0,26.0,1362483.0,102994.0,13228796.0,187,3.0,181,3,2021-05-15 04:08:00+00:00
Gabon,23799,143.0,20379,3277,15.0,63.0,767445.0,337934.0,2270994.0,65,0.0,109,-44,2021-05-15 04:08:00+00:00
Syria,23645,1688.0,20197,1760,,94.0,103566.0,5797.0,17866944.0,102,12.0,587,-497,2021-05-15 04:08:00+00:00
Guinea,22746,151.0,20366,2229,24.0,11.0,445243.0,33130.0,13439391.0,27,0.0,25,2,2021-05-15 04:08:00+00:00
Réunion,22644,169.0,21603,872,36.0,188.0,102720.0,114026.0,900850.0,0,0.0,0,0,2021-05-15 04:08:00+00:00
Cambodia,21499,147.0,9867,11485,,9.0,1029636.0,60857.0,16919063.0,804,11.0,1328,-535,2021-05-15 04:08:00+00:00
French Guiana,21465,108.0,9995,11362,28.0,354.0,234758.0,768821.0,305348.0,359,0.0,0,359,2021-05-15 04:08:00+00:00
Mayotte,20176,171.0,2964,17041,6.0,614.0,176919.0,635286.0,278487.0,0,0.0,0,0,2021-05-15 04:08:00+00:00
French Polynesia,18815,141.0,18650,24,1.0,499.0,26355.0,93353.0,282316.0,18,0.0,33,-15,2021-05-15 04:08:00+00:00
Mauritania,18781,457.0,18024,300,14.0,96.0,248008.0,52159.0,4754881.0,36,0.0,51,-15,2021-05-15 04:08:00+00:00
Eswatini,18511,671.0,17793,47,3.0,573.0,197154.0,168427.0,1170564.0,19,0.0,9,10,2021-05-15 04:08:00+00:00
Guadeloupe,16017,221.0,2242,13554,33.0,552.0,195404.0,488287.0,400183.0,0,0.0,0,0,2021-05-15 04:08:00+00:00
Trinidad and Tobago,15379,265.0,9900,5214,15.0,189.0,151103.0,107668.0,1403420.0,962,30.0,306,626,2021-05-15 04:08:00+00:00
Guyana,14988,335.0,12834,1819,14.0,424.0,135059.0,170995.0,789844.0,329,4.0,283,42,2021-05-15 04:08:00+00:00
Somalia,14486,753.0,6325,7408,,46.0,120132.0,7381.0,16274750.0,0,0.0,0,0,2021-05-15 04:08:00+00:00
Mali,14163,510.0,9157,4496,,25.0,281392.0,13559.0,20752550.0,14,3.0,44,-33,2021-05-15 04:08:00+00:00
Papua New Guinea,13707,136.0,11034,2537,,15.0,110286.0,12128.0,9093328.0,710,6.0,119,585,2021-05-15 04:08:00+00:00
Andorra,13510,127.0,13155,228,12.0,1641.0,193595.0,2502133.0,77372.0,40,0.0,51,-11,2021-05-15 04:08:00+00:00
Burkina Faso,13394,164.0,13194,36,,8.0,183292.0,8566.0,21396554.0,7,0.0,10,-3,2021-05-15 04:08:00+00:00
Haiti,13353,271.0,12414,668,,24.0,60085.0,5214.0,11522804.0,85,2.0,17,66,2021-05-15 04:08:00+00:00
Tajikistan,13308,90.0,13218,0,,9.0,,,9722338.0,0,0.0,0,0,2021-05-15 04:08:00+00:00
Togo,13244,125.0,11847,1272,,15.0,321577.0,38075.0,8445949.0,34,0.0,40,-6,2021-05-15 04:08:00+00:00
Belize,12714,323.0,12337,54,1.0,800.0,124603.0,308529.0,403861.0,7,0.0,17,-10,2021-05-15 04:08:00+00:00
Curaçao,12246,119.0,12059,68,23.0,723.0,103024.0,625620.0,164675.0,10,2.0,53,-45,2021-05-15 04:08:00+00:00
Hong Kong,11819,210.0,11516,93,2.0,28.0,14841321.0,1965821.0,7549680.0,4,0.0,11,-7,2021-05-15 04:08:00+00:00
Martinique,11736,90.0,98,11548,24.0,240.0,170302.0,454124.0,375012.0,0,0.0,0,0,2021-05-15 04:08:00+00:00
Suriname,11707,223.0,10112,1372,29.0,377.0,55126.0,93247.0,591185.0,280,3.0,127,150,2021-05-15 04:08:00+00:00
Djibouti,11402,151.0,11241,10,,151.0,153192.0,153127.0,1000422.0,13,0.0,20,-7,2021-05-15 04:08:00+00:00
Congo,11343,148.0,8208,2987,,26.0,141948.0,25190.0,5635095.0,0,0.0,0,0,2021-05-15 04:08:00+00:00
Bahamas,11024,216.0,9967,841,5.0,545.0,91550.0,230896.0,396498.0,58,1.0,35,22,2021-05-15 04:08:00+00:00
Aruba,10838,104.0,10639,95,14.0,971.0,156663.0,1461968.0,107159.0,24,0.0,26,-2,2021-05-15 04:08:00+00:00
Lesotho,10778,320.0,6427,4031,,148.0,86427.0,40069.0,2156964.0,4,1.0,0,3,2021-05-15 04:08:00+00:00
South Sudan,10651,115.0,10462,74,,10.0,158678.0,14033.0,11307299.0,10,0.0,0,10,2021-05-15 04:08:00+00:00
Seychelles,9184,32.0,6413,2739,,324.0,21504.0,217487.0,98875.0,1012,4.0,755,253,2021-05-15 04:08:00+00:00
Benin,7995,101.0,7652,242,35.0,8.0,595112.0,48006.0,12396596.0,0,0.0,0,0,2021-05-15 04:08:00+00:00
Equatorial Guinea,7694,112.0,7279,303,7.0,78.0,123169.0,85381.0,1442573.0,0,0.0,0,0,2021-05-15 04:08:00+00:00
Nicaragua,7086,184.0,4225,2677,,27.0,,,6692758.0,0,0.0,0,0,2021-05-15 04:08:00+00:00
CAR,6866,95.0,5112,1659,2.0,19.0,40907.0,8344.0,4902297.0,0,0.0,0,0,2021-05-15 04:08:00+00:00
Iceland,6537,29.0,6445,63,3.0,85.0,622370.0,1813628.0,343163.0,11,0.0,23,-12,2021-05-15 04:08:00+00:00
Yemen,6523,1285.0,3008,2230,23.0,42.0,35043.0,1153.0,30392400.0,25,8.0,5,12,2021-05-15 04:08:00+00:00
Gambia,5940,175.0,5674,91,3.0,71.0,76379.0,30859.0,2475082.0,6,0.0,26,-20,2021-05-15 04:08:00+00:00
Niger,5326,192.0,4936,198,2.0,8.0,101658.0,4073.0,24958286.0,1,0.0,7,-6,2021-05-15 04:08:00+00:00
San Marino,5083,90.0,4968,25,4.0,2648.0,63241.0,1860412.0,33993.0,0,0.0,0,0,2021-05-15 04:08:00+00:00
Chad,4897,173.0,4677,47,,10.0,116416.0,6917.0,16831306.0,6,1.0,9,-4,2021-05-15 04:08:00+00:00
Saint Lucia,4788,75.0,4511,202,2.0,407.0,42879.0,232589.0,184355.0,63,0.0,25,38,2021-05-15 04:08:00+00:00
Gibraltar,4286,94.0,4189,3,,2791.0,242473.0,7198890.0,33682.0,0,0.0,0,0,2021-05-15 04:08:00+00:00
Burundi,4282,6.0,773,3503,,0.5,279132.0,22889.0,12195292.0,49,0.0,0,49,2021-05-15 04:08:00+00:00
Timor-Leste,4118,8.0,2146,1964,,6.0,84361.0,62950.0,1340122.0,492,3.0,252,237,2021-05-15 04:08:00+00:00
Sierra Leone,4103,79.0,3101,923,,10.0,153257.0,18881.0,8116948.0,14,0.0,8,6,2021-05-15 04:08:00+00:00
Channel Islands,4057,86.0,3956,15,,491.0,454413.0,2592927.0,175251.0,0,0.0,0,0,2021-05-15 04:08:00+00:00
Barbados,3961,46.0,3900,15,,160.0,161835.0,562552.0,287680.0,4,0.0,21,-17,2021-05-15 04:08:00+00:00
Comoros,3860,146.0,3688,26,,165.0,,,885578.0,0,0.0,0,0,2021-05-15 04:08:00+00:00
Eritrea,3822,12.0,3639,171,,3.0,23693.0,6602.0,3588868.0,0,0.0,0,0,2021-05-15 04:08:00+00:00
Vietnam,3816,35.0,2657,1124,,0.4,3091540.0,31515.0,98097196.0,158,0.0,21,137,2021-05-15 04:08:00+00:00
Guinea-Bissau,3745,67.0,3427,251,9.0,33.0,65454.0,32595.0,2008086.0,4,0.0,27,-23,2021-05-15 04:08:00+00:00
Liechtenstein,2981,58.0,2887,36,3.0,1517.0,39109.0,1023180.0,38223.0,3,0.0,0,3,2021-05-15 04:08:00+00:00
New Zealand,2645,26.0,2601,18,,5.0,2069812.0,413789.0,5002100.0,1,0.0,1,0,2021-05-15 04:08:00+00:00
Monaco,2490,32.0,2428,30,1.0,810.0,51953.0,1315832.0,39483.0,3,0.0,1,2,2021-05-15 04:08:00+00:00
Bermuda,2462,32.0,2234,196,7.0,515.0,252609.0,4069219.0,62078.0,7,1.0,52,-46,2021-05-15 04:08:00+00:00
Turks and Caicos,2404,17.0,2365,22,2.0,434.0,65926.0,1683074.0,39170.0,0,0.0,0,0,2021-05-15 04:08:00+00:00
Sao Tome and Principe,2324,35.0,2273,16,,157.0,12999.0,58377.0,222673.0,4,0.0,3,1,2021-05-15 04:08:00+00:00
Sint Maarten,2277,27.0,2221,29,2.0,624.0,26880.0,620828.0,43297.0,5,0.0,8,-3,2021-05-15 04:08:00+00:00
Liberia,2114,85.0,1962,67,2.0,16.0,97875.0,18968.0,5160130.0,0,0.0,0,0,2021-05-15 04:08:00+00:00
St. Vincent Grenadines,1932,12.0,1769,151,2.0,108.0,46829.0,420950.0,111246.0,6,0.0,21,-15,2021-05-15 04:08:00+00:00
Saint Martin,1773,12.0,1399,362,7.0,306.0,27588.0,703130.0,39236.0,0,0.0,0,0,2021-05-15 04:08:00+00:00
Caribbean Netherlands,1591,17.0,1558,16,,643.0,10040.0,379814.0,26434.0,8,0.0,10,-2,2021-05-15 04:08:00+00:00
Isle of Man,1590,29.0,1555,6,1.0,339.0,44761.0,523992.0,85423.0,0,0.0,3,-3,2021-05-15 04:08:00+00:00
Laos,1498,2.0,513,983,,0.3,213373.0,28964.0,7366840.0,81,1.0,185,-105,2021-05-15 04:08:00+00:00
Taiwan,1290,12.0,1107,171,,0.5,571259.0,23948.0,23854195.0,59,0.0,10,49,2021-05-15 04:08:00+00:00
Mauritius,1277,17.0,1130,130,,13.0,358675.0,281623.0,1273600.0,11,0.0,2,9,2021-05-15 04:08:00+00:00
Bhutan,1276,1.0,1121,154,,1.0,738413.0,947944.0,778963.0,19,0.0,0,19,2021-05-15 04:08:00+00:00
Antigua and Barbuda,1240,32.0,1179,29,4.0,324.0,16700.0,169318.0,98631.0,0,0.0,0,0,2021-05-15 04:08:00+00:00
St. Barth,974,1.0,462,511,,101.0,26385.0,2664344.0,9903.0,0,0.0,0,0,2021-05-15 04:08:00+00:00
Diamond Princess,712,13.0,699,0,,,,,,0,0.0,0,0,2021-05-15 04:08:00+00:00
Faeroe Islands,669,1.0,663,5,,20.0,259009.0,5283310.0,49024.0,0,0.0,0,0,2021-05-15 04:08:00+00:00
Cayman Islands,565,2.0,547,16,,30.0,93583.0,1409595.0,66390.0,5,0.0,1,4,2021-05-15 04:08:00+00:00
Tanzania,509,21.0,183,305,7.0,0.3,,,61197893.0,0,0.0,0,0,2021-05-15 04:08:00+00:00
Wallis and Futuna,445,7.0,44,394,1.0,633.0,17264.0,1559953.0,11067.0,0,0.0,0,0,2021-05-15 04:08:00+00:00
Brunei,232,3.0,220,9,,7.0,123068.0,278998.0,441107.0,1,0.0,0,1,2021-05-15 04:08:00+00:00
British Virgin Islands,219,1.0,193,25,,33.0,39777.0,1308239.0,30405.0,0,0.0,0,0,2021-05-15 04:08:00+00:00
Dominica,178,,176,2,,,15844.0,219625.0,72141.0,3,,1,2,2021-05-15 04:08:00+00:00
Fiji,166,4.0,109,53,,4.0,70792.0,78477.0,902075.0,5,1.0,3,1,2021-05-15 04:08:00+00:00
Grenada,161,1.0,160,0,,9.0,28684.0,253897.0,112975.0,0,0.0,0,0,2021-05-15 04:08:00+00:00
New Caledonia,124,,58,66,,,31166.0,108262.0,287875.0,0,,0,0,2021-05-15 04:08:00+00:00
Anguilla,109,,89,20,,,21630.0,1430650.0,15119.0,0,,0,0,2021-05-15 04:08:00+00:00
Falkland Islands,63,,63,0,,,7258.0,2034763.0,3567.0,0,,0,0,2021-05-15 04:08:00+00:00
Macao,49,,49,0,,,4483.0,6824.0,656990.0,0,,0,0,2021-05-15 04:08:00+00:00
Saint Kitts and Nevis,45,,44,1,,,13691.0,255787.0,53525.0,0,,0,0,2021-05-15 04:08:00+00:00
Greenland,31,,31,0,,,20669.0,363539.0,56855.0,0,,0,0,2021-05-15 04:08:00+00:00
Vatican City,27,,15,12,,,,,803.0,0,,0,0,2021-05-15 04:08:00+00:00
Saint Pierre Miquelon,25,,25,0,,,5318.0,921824.0,5769.0,0,,0,0,2021-05-15 04:08:00+00:00
Montserrat,20,1.0,19,0,,200.0,1313.0,262863.0,4995.0,0,0.0,0,0,2021-05-15 04:08:00+00:00
Solomon Islands,20,,20,0,,,4500.0,6416.0,701396.0,0,,0,0,2021-05-15 04:08:00+00:00
Western Sahara,10,1.0,8,1,,2.0,,,609991.0,0,0.0,0,0,2021-05-15 04:08:00+00:00
MS Zaandam,9,2.0,7,0,,,,,,0,0.0,0,0,2021-05-15 04:08:00+00:00
Vanuatu,4,1.0,3,0,,3.0,23000.0,73405.0,313331.0,0,0.0,0,0,2021-05-15 04:08:00+00:00
Marshall Islands,4,,4,0,,,,,59536.0,0,,0,0,2021-05-15 04:08:00+00:00
Samoa,3,,2,1,,,,,199557.0,0,,0,0,2021-05-15 04:08:00+00:00
Saint Helena,2,,2,0,,,,,6093.0,0,,0,0,2021-05-15 04:08:00+00:00
Micronesia,1,,1,0,,,,,116067.0,0,,0,0,2021-05-15 04:08:00+00:00
